case_name,shard_bundle_id,qualified_source_route,output_sources_json,status,reason_code,record_count,returned_count,actual_bundle_record_count,actual_bundle_record_sources_json,record_count_matches_actual,returned_count_matches_actual,record_completeness_state,upstream_total,pages_fetched,last_cursor,exhaustion_evidence,truncation_reason
mos2-band-gap,sha256:c40d3687e2269c7e80976f129c9b7d5a1c262a03209d7106f216116b3477dcfc,aflow,"[""aflow""]",succeeded,records_returned,19,19,19,"[[""aflow"",19]]",True,True,complete,,1,1,aflow_short_page,
mos2-band-gap,sha256:d64f764f46cc481b16aac8c4fd903a5dd486693f8c2dd05cbe3dfc2585de8431,alexandria,"[""alexandria""]",succeeded,records_returned,15,15,15,"[[""alexandria"",15]]",True,True,complete,,1,,alexandria_next_cursor_absent,
mos2-band-gap,sha256:6c096fedc0e655ed1264955cf956a85f85de3592cb8cb5068a381704ccb71009,c2db,"[""c2db""]",succeeded,records_returned,3,3,3,"[[""c2db"",3]]",True,True,complete,3,1,https://c2db.fysik.dtu.dk,c2db_candidate_rows_exhausted,
mos2-band-gap,sha256:819ddd5c90d31b4154cdb6f82e5c7a79519cf8464b791bd355f650695ef2db77,cod,"[""cod""]",succeeded,records_returned,9,9,9,"[[""cod"",9]]",True,True,complete,9,1,,rest_count_matches_json_rows,
mos2-band-gap,sha256:855d849056a9f88bc9a48cc2467ddc34f80c82316599ba114afd6ffe49d8d198,jarvis_dft,"[""jarvis_dft""]",succeeded,records_returned,10,10,10,"[[""jarvis_dft"",10]]",True,True,complete,10,1,,fixed_snapshot_scanned_to_end,
mos2-band-gap,sha256:b08c71821441187a1a204c2df19d5345d65dc0ad26640b0cb18b95c812bb9d03,materials_project,"[""materials_project""]",succeeded,records_returned,12,12,12,"[[""materials_project"",12]]",True,True,complete,,1,,mp_api_chunk_sequence_exhausted,
mos2-band-gap,sha256:527865761fbb0292fcecb44ec6716064d5c61ce9d54840f7307e8a15f40ef68e,materialsgalaxy,"[""materialsgalaxy:ferroelectric"",""materialsgalaxy:layered_structures"",""materialsgalaxy:nonlinear_optical"",""materialsgalaxy:sc_growth"",""materialsgalaxy:topo_crystals"",""materialsgalaxy:topo_phonons""]",succeeded,records_returned,9,9,9,"[[""materialsgalaxy:nonlinear_optical"",3],[""materialsgalaxy:topo_crystals"",4],[""materialsgalaxy:topo_phonons"",2]]",True,True,complete,9,1,1,materials_galaxy_total_reconciled,
mos2-band-gap,sha256:d07458c04db75f80b7b6c5c5bf73bc06068c875eae71d25f2073dda1a6c05c31,mpds,"[""mpds""]",failed,upstream_access_denied,0,0,0,[],True,True,failed,,0,,,
mos2-band-gap,sha256:b4323cae4fb260302a9902566159e011850112bf78ac44139e9edb1cc6c66d37,nomad,"[""nomad""]",succeeded,records_returned,376,376,376,"[[""nomad"",376]]",True,True,complete,376,4,mnNQLdnZnocgarpiLi-68H4ziKvA,nomad_cursor_exhausted,
mos2-band-gap,sha256:78d7d06d5491f52e288f25ffe25c1698f64d50eca01de138a9eece2f3a52a953,optimade:mpddoptimade.phaseslab.org,"[""optimade:mpddoptimade.phaseslab.org""]",failed,upstream_timeout,0,0,0,[],True,True,failed,,0,,,
mos2-band-gap,sha256:d1e543288c6651fd5224b1353c6b8972166ee7cd720ac46ad52fdd0f52fbc61c,optimade:optimade-gnome.odbx.science,"[""optimade:optimade-gnome.odbx.science""]",empty,verified_empty_result,0,0,0,[],True,True,empty,0,1,https://optimade-gnome.odbx.science/v1/structures,optimade_links_next_absent_for_all_selected_providers,
mos2-band-gap,sha256:bdc62339af6ad4ac5515e3f80881da6eb080a700875ce459a4577018b64cedd1,optimade:optimade-misc.odbx.science,"[""optimade:optimade-misc.odbx.science""]",succeeded,records_returned,3,3,3,"[[""optimade:optimade-misc.odbx.science"",3]]",True,True,complete,3,1,https://optimade-misc.odbx.science/v1/structures,optimade_links_next_absent_for_all_selected_providers,
mos2-band-gap,sha256:580d1a14ddc6a691ed0563a47e526f3f3bfc3fe117d0f3efbf59252d59fd8a1b,optimade:optimade.2dmatpedia.org,"[""optimade:optimade.2dmatpedia.org""]",succeeded,records_returned,2,2,2,"[[""optimade:optimade.2dmatpedia.org"",2]]",True,True,complete,2,1,http://optimade.2dmatpedia.org/v1/structures,optimade_links_next_absent_for_all_selected_providers,
mos2-band-gap,sha256:d9c6eabbd124e2fbad491234d44c10c1ec3e4d52e8093b628be3fb2da3dd1e99,optimade:optimade.materialscloud.org/archive/1z-pd,"[""optimade:optimade.materialscloud.org/archive/1z-pd""]",empty,verified_empty_result,0,0,0,[],True,True,empty,0,1,https://optimade.materialscloud.org/archive/1z-pd/v1/structures,optimade_links_next_absent_for_all_selected_providers,
mos2-band-gap,sha256:e45375c871335a0dc264559154df496574db6b81f255a384d41ffb9792a30e8b,optimade:optimade.materialscloud.org/archive/ed-g2,"[""optimade:optimade.materialscloud.org/archive/ed-g2""]",empty,verified_empty_result,0,0,0,[],True,True,empty,0,1,https://optimade.materialscloud.org/archive/ed-g2/v1/structures,optimade_links_next_absent_for_all_selected_providers,
mos2-band-gap,sha256:838a67585c5792043e4dc59a698502698f968b4313fe4b75e95da0bb4f66ad40,optimade:optimade.materialscloud.org/archive/jk-9v,"[""optimade:optimade.materialscloud.org/archive/jk-9v""]",empty,verified_empty_result,0,0,0,[],True,True,empty,0,1,https://optimade.materialscloud.org/archive/jk-9v/v1/structures,optimade_links_next_absent_for_all_selected_providers,
mos2-band-gap,sha256:5d39a0030ed31e1eb721656b418d8ffcadd7bc9fad6fd80221ea57f7e0e913c3,optimade:optimade.materialscloud.org/archive/m0-zg,"[""optimade:optimade.materialscloud.org/archive/m0-zg""]",succeeded,records_returned,4,4,4,"[[""optimade:optimade.materialscloud.org/archive/m0-zg"",4]]",True,True,complete,4,1,https://optimade.materialscloud.org/archive/m0-zg/v1/structures,optimade_links_next_absent_for_all_selected_providers,
mos2-band-gap,sha256:edd75b42e4a8770005d83b6c3786ea09d7e473201ea470fc8cab9a7ea908d82a,optimade:optimade.materialscloud.org/archive/zt-z4,"[""optimade:optimade.materialscloud.org/archive/zt-z4""]",empty,verified_empty_result,0,0,0,[],True,True,empty,0,1,https://optimade.materialscloud.org/archive/zt-z4/v1/structures,optimade_links_next_absent_for_all_selected_providers,
mos2-band-gap,sha256:a40147a4152ae67f5ce99806dedea6fec9539b799901979cf2912ef2eb81b9be,optimade:optimade.materialscloud.org/main/2dtopo,"[""optimade:optimade.materialscloud.org/main/2dtopo""]",empty,verified_empty_result,0,0,0,[],True,True,empty,0,1,https://optimade.materialscloud.org/main/2dtopo/v1/structures,optimade_links_next_absent_for_all_selected_providers,
mos2-band-gap,sha256:cc732a1160b333912e55480378463585ebed633024aa398b40324a2fea826abe,optimade:optimade.materialscloud.org/main/autowannier,"[""optimade:optimade.materialscloud.org/main/autowannier""]",empty,verified_empty_result,0,0,0,[],True,True,empty,0,1,https://optimade.materialscloud.org/main/autowannier/v1/structures,optimade_links_next_absent_for_all_selected_providers,
mos2-band-gap,sha256:d5214fd6248eef4526dfecc1b88e5e67d95b1b5065f207ae8d0cb804e3a5bd63,optimade:optimade.materialscloud.org/main/curated-cofs,"[""optimade:optimade.materialscloud.org/main/curated-cofs""]",empty,verified_empty_result,0,0,0,[],True,True,empty,0,1,https://optimade.materialscloud.org/main/curated-cofs/v1/structures,optimade_links_next_absent_for_all_selected_providers,
mos2-band-gap,sha256:b7703c54f528ab7e37040f7a5e680156527657cc00ea447c191aec86fcfd3ef2,optimade:optimade.materialscloud.org/main/mc2d,"[""optimade:optimade.materialscloud.org/main/mc2d""]",succeeded,records_returned,3,3,3,"[[""optimade:optimade.materialscloud.org/main/mc2d"",3]]",True,True,complete,3,1,https://optimade.materialscloud.org/main/mc2d/v1/structures,optimade_links_next_absent_for_all_selected_providers,
mos2-band-gap,sha256:be0d8d6f2a7ab52403acf5f604504ec18d0bb13d275abaa2f6fe98e42f303ea1,optimade:optimade.materialscloud.org/main/mc3d-pbe-v1,"[""optimade:optimade.materialscloud.org/main/mc3d-pbe-v1""]",succeeded,records_returned,4,4,4,"[[""optimade:optimade.materialscloud.org/main/mc3d-pbe-v1"",4]]",True,True,complete,4,1,https://optimade.materialscloud.org/main/mc3d-pbe-v1/v1/structures,optimade_links_next_absent_for_all_selected_providers,
mos2-band-gap,sha256:e4b72dc7984bf276ec6b0a48b691885d3c19ee2f2d1f94ddff4385e4f4008d95,optimade:optimade.materialscloud.org/main/mc3d-pbesol-v1,"[""optimade:optimade.materialscloud.org/main/mc3d-pbesol-v1""]",succeeded,records_returned,5,5,5,"[[""optimade:optimade.materialscloud.org/main/mc3d-pbesol-v1"",5]]",True,True,complete,5,1,https://optimade.materialscloud.org/main/mc3d-pbesol-v1/v1/structures,optimade_links_next_absent_for_all_selected_providers,
mos2-band-gap,sha256:197ab43febf079ea857fc2a26998d408b2b06a465ba4cf340efc8440412ccf43,optimade:optimade.materialscloud.org/main/mc3d-pbesol-v2,"[""optimade:optimade.materialscloud.org/main/mc3d-pbesol-v2""]",succeeded,records_returned,5,5,5,"[[""optimade:optimade.materialscloud.org/main/mc3d-pbesol-v2"",5]]",True,True,complete,5,1,https://optimade.materialscloud.org/main/mc3d-pbesol-v2/v1/structures,optimade_links_next_absent_for_all_selected_providers,
mos2-band-gap,sha256:683964bb313b76d574668f03d23f704c30fd73bf2908eca41ef19787b77861a6,optimade:optimade.materialscloud.org/main/pyrene-mofs,"[""optimade:optimade.materialscloud.org/main/pyrene-mofs""]",empty,verified_empty_result,0,0,0,[],True,True,empty,0,1,https://optimade.materialscloud.org/main/pyrene-mofs/v1/structures,optimade_links_next_absent_for_all_selected_providers,
mos2-band-gap,sha256:d9fde20f423543589e3eadd03f8c9cd9e5ca0572162ee97146f6673328840a24,optimade:optimade.materialscloud.org/main/stoceriaitf,"[""optimade:optimade.materialscloud.org/main/stoceriaitf""]",empty,verified_empty_result,0,0,0,[],True,True,empty,0,1,https://optimade.materialscloud.org/main/stoceriaitf/v1/structures,optimade_links_next_absent_for_all_selected_providers,
mos2-band-gap,sha256:027a3710daf74b579cdd48d47c90969d5d67c317aa87fbb35eaae349d7e652ab,optimade:optimade.materialscloud.org/main/tin-antimony-sulfoiodide,"[""optimade:optimade.materialscloud.org/main/tin-antimony-sulfoiodide""]",empty,verified_empty_result,0,0,0,[],True,True,empty,0,1,https://optimade.materialscloud.org/main/tin-antimony-sulfoiodide/v1/structures,optimade_links_next_absent_for_all_selected_providers,
mos2-band-gap,sha256:b24de63946aa1655f479763ed4d28210e241202332d1c6c8e77a2e9b45aebff3,optimade:optimade.odbx.science,"[""optimade:optimade.odbx.science""]",empty,verified_empty_result,0,0,0,[],True,True,empty,0,1,https://optimade.odbx.science/v1/structures,optimade_links_next_absent_for_all_selected_providers,
mos2-band-gap,sha256:ac6ba96a227a4c1db19d9a0950ac479a8fdeb52f82d2fe2819df096f2e23be1a,optimade:optimade.openmaterialsdb.se,"[""optimade:optimade.openmaterialsdb.se""]",succeeded,records_returned,2,2,2,"[[""optimade:optimade.openmaterialsdb.se"",2]]",True,True,complete,2,1,http://optimade.openmaterialsdb.se/v1/structures,optimade_links_next_absent_for_all_selected_providers,
mos2-band-gap,sha256:6951ed328e2cce06fd14868e3d5ac3e9c5eb4bbe571cc24c6d246ceb6ca8bd2a,oqmd,"[""oqmd""]",succeeded,records_returned,29,29,29,"[[""oqmd"",29]]",True,True,complete,29,1,0,oqmd_next_link_absent,
mos2-band-gap,sha256:c0be3b1ec1fc05ce165c716d082051ba45dd39a612dd669dbffc6104b5ca6d66,tcod,"[""tcod""]",empty,verified_empty_result,0,0,0,[],True,True,empty,0,1,,rest_count_matches_json_rows,
lifepo4-stability,sha256:360973eabd0001c59212f8a25973b7631ea1470499ae632854619e808119e481,aflow,"[""aflow""]",succeeded,records_returned,35,35,35,"[[""aflow"",35]]",True,True,complete,,1,1,aflow_short_page,
lifepo4-stability,sha256:0128d718f833d63579796677b483e70ef1bd1aa36f5df691d6965118254c26f8,alexandria,"[""alexandria""]",succeeded,records_returned,54,54,54,"[[""alexandria"",54]]",True,True,complete,,3,"0.08547922,agm005267597",alexandria_next_cursor_absent,
lifepo4-stability,sha256:683b491ac521eaa50a0bba4049193b768196e05f177f4a7c348940cfa59a2349,c2db,"[""c2db""]",empty,verified_empty_result,0,0,0,[],True,True,empty,0,1,https://c2db.fysik.dtu.dk,c2db_candidate_rows_exhausted,
lifepo4-stability,sha256:704b0986fa3195f5b453517c5c69f1509a4ef0bd30ce0dfceb7b66c91dd7420c,cod,"[""cod""]",succeeded,records_returned,11,11,11,"[[""cod"",11]]",True,True,complete,11,1,,rest_count_matches_json_rows,
lifepo4-stability,sha256:380868df0e48126a28eeeb9f3a5dc5d549c6a8fc917efc63965171ae1fe948bb,jarvis_dft,"[""jarvis_dft""]",succeeded,records_returned,20,20,20,"[[""jarvis_dft"",20]]",True,True,complete,20,1,,fixed_snapshot_scanned_to_end,
lifepo4-stability,sha256:76b7eaf5481b8757585c44972d61fcc81a0e93754296125deecf9b12f01c89df,materials_project,"[""materials_project""]",succeeded,records_returned,70,70,70,"[[""materials_project"",70]]",True,True,complete,,1,,mp_api_chunk_sequence_exhausted,
lifepo4-stability,sha256:7f4d6070c9557c961ce0c05624af64cb1ef05387b0a05966c513dad1849d9d14,materialsgalaxy,"[""materialsgalaxy:ferroelectric"",""materialsgalaxy:layered_structures"",""materialsgalaxy:nonlinear_optical"",""materialsgalaxy:sc_growth"",""materialsgalaxy:topo_crystals"",""materialsgalaxy:topo_phonons""]",succeeded,records_returned,3,3,3,"[[""materialsgalaxy:topo_crystals"",3]]",True,True,complete,3,1,1,materials_galaxy_total_reconciled,
lifepo4-stability,sha256:1f063bb7c5183c4bf808b7f0d10d7b2cd424dbcc0b9a2c3686f476502a8facb4,mpds,"[""mpds""]",failed,upstream_access_denied,0,0,0,[],True,True,failed,,0,,,
lifepo4-stability,sha256:df4f75b194c1fcc165e31d5dc5de64f1e26fa284349acabfed7c9f2356a9ba7a,nomad,"[""nomad""]",succeeded,records_returned,246,246,246,"[[""nomad"",246]]",True,True,complete,246,3,pqFpNNdLJD6iXyLhvPWF2f8c_q4E,nomad_cursor_exhausted,
lifepo4-stability,sha256:3dd70ebae49e27c66a45d43fb441c1642acfb1a653c34e15a5ab1ad41505a8e3,optimade:mpddoptimade.phaseslab.org,"[""optimade:mpddoptimade.phaseslab.org""]",failed,upstream_timeout,0,0,0,[],True,True,failed,,0,,,
lifepo4-stability,sha256:c224bec448312c7d1cf7cc06be2b9806b0e4c4fef47c56fc2ea707af1abb3458,optimade:optimade-gnome.odbx.science,"[""optimade:optimade-gnome.odbx.science""]",succeeded,records_returned,1,1,1,"[[""optimade:optimade-gnome.odbx.science"",1]]",True,True,complete,1,1,https://optimade-gnome.odbx.science/v1/structures,optimade_links_next_absent_for_all_selected_providers,
lifepo4-stability,sha256:1272ed893bf328d3effc62f0e84c6af59867d218944c58007fff2427b00d9322,optimade:optimade-misc.odbx.science,"[""optimade:optimade-misc.odbx.science""]",succeeded,records_returned,3,3,3,"[[""optimade:optimade-misc.odbx.science"",3]]",True,True,complete,3,1,https://optimade-misc.odbx.science/v1/structures,optimade_links_next_absent_for_all_selected_providers,
lifepo4-stability,sha256:42de70246238c31cd72c0b0c0c4b85acf498c6de8d9f60e1dd6a6925f865d93e,optimade:optimade.2dmatpedia.org,"[""optimade:optimade.2dmatpedia.org""]",succeeded,records_returned,2,2,2,"[[""optimade:optimade.2dmatpedia.org"",2]]",True,True,complete,2,1,http://optimade.2dmatpedia.org/v1/structures,optimade_links_next_absent_for_all_selected_providers,
lifepo4-stability,sha256:3a8523f68a61b61eea25bf4b89f39a2b35ecacb9468929857faf23acb4fd6881,optimade:optimade.materialscloud.org/archive/1z-pd,"[""optimade:optimade.materialscloud.org/archive/1z-pd""]",empty,verified_empty_result,0,0,0,[],True,True,empty,0,1,https://optimade.materialscloud.org/archive/1z-pd/v1/structures,optimade_links_next_absent_for_all_selected_providers,
lifepo4-stability,sha256:e0b8526797637a83a377adb1a7ee869eb4853f980e9dc1a29d26734cafedbed8,optimade:optimade.materialscloud.org/archive/ed-g2,"[""optimade:optimade.materialscloud.org/archive/ed-g2""]",empty,verified_empty_result,0,0,0,[],True,True,empty,0,1,https://optimade.materialscloud.org/archive/ed-g2/v1/structures,optimade_links_next_absent_for_all_selected_providers,
lifepo4-stability,sha256:3127e968f5edb634cb3b16b539d75d884cf177ae0c3254757824f3d4f64c2f71,optimade:optimade.materialscloud.org/archive/jk-9v,"[""optimade:optimade.materialscloud.org/archive/jk-9v""]",empty,verified_empty_result,0,0,0,[],True,True,empty,0,1,https://optimade.materialscloud.org/archive/jk-9v/v1/structures,optimade_links_next_absent_for_all_selected_providers,
lifepo4-stability,sha256:f4e2068306fecd758d605f34ea8218e512e8779e4ffc7cfca84f4fd893f5a1a8,optimade:optimade.materialscloud.org/archive/m0-zg,"[""optimade:optimade.materialscloud.org/archive/m0-zg""]",succeeded,records_returned,3,3,3,"[[""optimade:optimade.materialscloud.org/archive/m0-zg"",3]]",True,True,complete,3,1,https://optimade.materialscloud.org/archive/m0-zg/v1/structures,optimade_links_next_absent_for_all_selected_providers,
lifepo4-stability,sha256:543ddf14043e789564fffaffea23f8695e291003fb30c99e4f2a2b4d893be39f,optimade:optimade.materialscloud.org/archive/zt-z4,"[""optimade:optimade.materialscloud.org/archive/zt-z4""]",empty,verified_empty_result,0,0,0,[],True,True,empty,0,1,https://optimade.materialscloud.org/archive/zt-z4/v1/structures,optimade_links_next_absent_for_all_selected_providers,
lifepo4-stability,sha256:dfbe32baf2ead62e5b713ba383599160f0199308737cc4239fd167bfcc53f598,optimade:optimade.materialscloud.org/main/2dtopo,"[""optimade:optimade.materialscloud.org/main/2dtopo""]",empty,verified_empty_result,0,0,0,[],True,True,empty,0,1,https://optimade.materialscloud.org/main/2dtopo/v1/structures,optimade_links_next_absent_for_all_selected_providers,
lifepo4-stability,sha256:4bfeed6f7c3bf2fdddde230b1893eb456cb5d8c3bf9aa6cab05e5cc53160a70b,optimade:optimade.materialscloud.org/main/autowannier,"[""optimade:optimade.materialscloud.org/main/autowannier""]",empty,verified_empty_result,0,0,0,[],True,True,empty,0,1,https://optimade.materialscloud.org/main/autowannier/v1/structures,optimade_links_next_absent_for_all_selected_providers,
lifepo4-stability,sha256:d07f8fc78d2e19bc7b104f387623ded086501886967725799a8f3d453aeea667,optimade:optimade.materialscloud.org/main/curated-cofs,"[""optimade:optimade.materialscloud.org/main/curated-cofs""]",empty,verified_empty_result,0,0,0,[],True,True,empty,0,1,https://optimade.materialscloud.org/main/curated-cofs/v1/structures,optimade_links_next_absent_for_all_selected_providers,
lifepo4-stability,sha256:e368a2b289251a93e052f6324a19c2c70f8f660b55831481c0ba51838569e7ac,optimade:optimade.materialscloud.org/main/mc2d,"[""optimade:optimade.materialscloud.org/main/mc2d""]",succeeded,records_returned,1,1,1,"[[""optimade:optimade.materialscloud.org/main/mc2d"",1]]",True,True,complete,1,1,https://optimade.materialscloud.org/main/mc2d/v1/structures,optimade_links_next_absent_for_all_selected_providers,
lifepo4-stability,sha256:4fcaf69ffcf85bf0d3a5aa92deb8a3c6b73b0ff73ac41e64e4298d1be147a60d,optimade:optimade.materialscloud.org/main/mc3d-pbe-v1,"[""optimade:optimade.materialscloud.org/main/mc3d-pbe-v1""]",succeeded,records_returned,3,3,3,"[[""optimade:optimade.materialscloud.org/main/mc3d-pbe-v1"",3]]",True,True,complete,3,1,https://optimade.materialscloud.org/main/mc3d-pbe-v1/v1/structures,optimade_links_next_absent_for_all_selected_providers,
lifepo4-stability,sha256:81cac107f2a02f58cbd9980c8621d1c326a60f774688f56a0e3ad99ad9ee2603,optimade:optimade.materialscloud.org/main/mc3d-pbesol-v1,"[""optimade:optimade.materialscloud.org/main/mc3d-pbesol-v1""]",succeeded,records_returned,6,6,6,"[[""optimade:optimade.materialscloud.org/main/mc3d-pbesol-v1"",6]]",True,True,complete,6,1,https://optimade.materialscloud.org/main/mc3d-pbesol-v1/v1/structures,optimade_links_next_absent_for_all_selected_providers,
lifepo4-stability,sha256:b5d23847fd91cc0c8ea6f93c45223ee71588acc19a45945862300a5a513ca57d,optimade:optimade.materialscloud.org/main/mc3d-pbesol-v2,"[""optimade:optimade.materialscloud.org/main/mc3d-pbesol-v2""]",succeeded,records_returned,4,4,4,"[[""optimade:optimade.materialscloud.org/main/mc3d-pbesol-v2"",4]]",True,True,complete,4,1,https://optimade.materialscloud.org/main/mc3d-pbesol-v2/v1/structures,optimade_links_next_absent_for_all_selected_providers,
lifepo4-stability,sha256:7f44dfbd77ff0cef34c714feb4210337bd64697c6bc4bcae0f7252550d2827fe,optimade:optimade.materialscloud.org/main/pyrene-mofs,"[""optimade:optimade.materialscloud.org/main/pyrene-mofs""]",empty,verified_empty_result,0,0,0,[],True,True,empty,0,1,https://optimade.materialscloud.org/main/pyrene-mofs/v1/structures,optimade_links_next_absent_for_all_selected_providers,
lifepo4-stability,sha256:9f433674cd82f6911e5994290e75da1ca84e8cb9d2b192c773660fc4523ebe36,optimade:optimade.materialscloud.org/main/stoceriaitf,"[""optimade:optimade.materialscloud.org/main/stoceriaitf""]",empty,verified_empty_result,0,0,0,[],True,True,empty,0,1,https://optimade.materialscloud.org/main/stoceriaitf/v1/structures,optimade_links_next_absent_for_all_selected_providers,
lifepo4-stability,sha256:2ddda9ad30c7be9b6b4525d8215cf7b14b7ebb15389794cfeff3ed2b25349f02,optimade:optimade.materialscloud.org/main/tin-antimony-sulfoiodide,"[""optimade:optimade.materialscloud.org/main/tin-antimony-sulfoiodide""]",empty,verified_empty_result,0,0,0,[],True,True,empty,0,1,https://optimade.materialscloud.org/main/tin-antimony-sulfoiodide/v1/structures,optimade_links_next_absent_for_all_selected_providers,
lifepo4-stability,sha256:531fc9a3523b0dac7f854021629e1c81a379b436972078c2b4fe790d3b243440,optimade:optimade.odbx.science,"[""optimade:optimade.odbx.science""]",empty,verified_empty_result,0,0,0,[],True,True,empty,0,1,https://optimade.odbx.science/v1/structures,optimade_links_next_absent_for_all_selected_providers,
lifepo4-stability,sha256:cd73876a15f380382bbb385f2aba0ee9a48646bbf0ba3c732b0ca74a6442ef4f,optimade:optimade.openmaterialsdb.se,"[""optimade:optimade.openmaterialsdb.se""]",succeeded,records_returned,3,3,3,"[[""optimade:optimade.openmaterialsdb.se"",3]]",True,True,complete,3,1,http://optimade.openmaterialsdb.se/v1/structures,optimade_links_next_absent_for_all_selected_providers,
lifepo4-stability,sha256:4990f62cc4118c15f6d99b604415ddbe2f81d8c258abb6353cdb80f4a29e89d2,oqmd,"[""oqmd""]",succeeded,records_returned,4,4,4,"[[""oqmd"",4]]",True,True,complete,4,1,0,oqmd_next_link_absent,
lifepo4-stability,sha256:6e7fb27999d9c2e760bda687150c76792c42cfbdc8bdc29995b1d9d614f14a79,tcod,"[""tcod""]",empty,verified_empty_result,0,0,0,[],True,True,empty,0,1,,rest_count_matches_json_rows,
bi2se3-topology,sha256:e51b0108362902c14099fe9a0949f4db0c0f98f60825e5fccacbbdc949fa7c67,aflow,"[""aflow""]",succeeded,records_returned,12,12,12,"[[""aflow"",12]]",True,True,complete,,3,3,aflow_short_page,
bi2se3-topology,sha256:e5571d97dced60a049f4c81f1e96e5a5577810e828cdb2182667631105d16072,alexandria,"[""alexandria""]",succeeded,records_returned,22,22,22,"[[""alexandria"",22]]",True,True,complete,,1,,alexandria_next_cursor_absent,
bi2se3-topology,sha256:33f744cd24c85d08fda6105be2fae2a024ebbff8283849ceae14f11f36ac363a,c2db,"[""c2db""]",succeeded,records_returned,1,1,1,"[[""c2db"",1]]",True,True,complete,1,1,https://c2db.fysik.dtu.dk,c2db_candidate_rows_exhausted,
bi2se3-topology,sha256:4eb0a20ebf0df863af385516624e9f7890b0e755d4750642a44e0999a8759a8c,cod,"[""cod""]",succeeded,records_returned,4,4,4,"[[""cod"",4]]",True,True,complete,4,1,,rest_count_matches_json_rows,
bi2se3-topology,sha256:908440727963919e2f1ec3bbfab83731bdaed3ac1500b85217fce1790b1a163f,jarvis_dft,"[""jarvis_dft""]",succeeded,records_returned,2,2,2,"[[""jarvis_dft"",2]]",True,True,complete,2,1,,fixed_snapshot_scanned_to_end,
bi2se3-topology,sha256:415d067ebc50b6cb34adb7bf2d38a3f6a456dcb2202eec2fc45bd2a13e6b2543,materials_project,"[""materials_project""]",succeeded,records_returned,4,4,4,"[[""materials_project"",4]]",True,True,complete,,1,,mp_api_chunk_sequence_exhausted,
bi2se3-topology,sha256:7d3f855400111e50096013f4e577378cc2688b34d0e00af15637caed22533b99,materialsgalaxy,"[""materialsgalaxy:ferroelectric"",""materialsgalaxy:layered_structures"",""materialsgalaxy:nonlinear_optical"",""materialsgalaxy:sc_growth"",""materialsgalaxy:topo_crystals"",""materialsgalaxy:topo_phonons""]",succeeded,records_returned,2,2,2,"[[""materialsgalaxy:topo_crystals"",2]]",True,True,complete,2,1,1,materials_galaxy_total_reconciled,
bi2se3-topology,sha256:e48c4ec362d3577bd196e26793733bcec94221fa25fb14a72347b274dc6e247d,mpds,"[""mpds""]",failed,upstream_access_denied,0,0,0,[],True,True,failed,,0,,,
bi2se3-topology,sha256:44ad3ca4328d7b8b9201aa1ea0209712a209c7b56332dca156db5f2e525ab1c0,nomad,"[""nomad""]",succeeded,records_returned,79,79,79,"[[""nomad"",79]]",True,True,complete,79,1,,nomad_cursor_exhausted,
bi2se3-topology,sha256:4628194c4a7efc28a9fb61133254b55971e33dc348ec2c82059b5ef6609e1a18,optimade:mpddoptimade.phaseslab.org,"[""optimade:mpddoptimade.phaseslab.org""]",failed,upstream_timeout,0,0,0,[],True,True,failed,,0,,,
bi2se3-topology,sha256:5a3699590d18a833a8fe85d7f162a975cf61aeb0511a9141699897ac5dceebb6,optimade:optimade-gnome.odbx.science,"[""optimade:optimade-gnome.odbx.science""]",empty,verified_empty_result,0,0,0,[],True,True,empty,0,1,https://optimade-gnome.odbx.science/v1/structures,optimade_links_next_absent_for_all_selected_providers,
bi2se3-topology,sha256:137ba31c90cd72bb20ab22221138791ad2d56163ad8c3f3ca2a77617c388a559,optimade:optimade-misc.odbx.science,"[""optimade:optimade-misc.odbx.science""]",succeeded,records_returned,3,3,3,"[[""optimade:optimade-misc.odbx.science"",3]]",True,True,complete,3,1,https://optimade-misc.odbx.science/v1/structures,optimade_links_next_absent_for_all_selected_providers,
bi2se3-topology,sha256:5a81a224baa33cacad900025e6784b37346a3352a23c5f31a88e9828a60af750,optimade:optimade.2dmatpedia.org,"[""optimade:optimade.2dmatpedia.org""]",succeeded,records_returned,4,4,4,"[[""optimade:optimade.2dmatpedia.org"",4]]",True,True,complete,4,1,http://optimade.2dmatpedia.org/v1/structures,optimade_links_next_absent_for_all_selected_providers,
bi2se3-topology,sha256:6ddf3b9f6ccc363157e090a5d7a00624e0fa7ca0dd488b531327447a8155261f,optimade:optimade.materialscloud.org/archive/1z-pd,"[""optimade:optimade.materialscloud.org/archive/1z-pd""]",empty,verified_empty_result,0,0,0,[],True,True,empty,0,1,https://optimade.materialscloud.org/archive/1z-pd/v1/structures,optimade_links_next_absent_for_all_selected_providers,
bi2se3-topology,sha256:5aea5c80fa4f74d87df174e99cca1228c827a6df2dc0a737f6e3437afe5c723c,optimade:optimade.materialscloud.org/archive/ed-g2,"[""optimade:optimade.materialscloud.org/archive/ed-g2""]",empty,verified_empty_result,0,0,0,[],True,True,empty,0,1,https://optimade.materialscloud.org/archive/ed-g2/v1/structures,optimade_links_next_absent_for_all_selected_providers,
bi2se3-topology,sha256:e4573c34d6b6c133e19aa9274bfa86acedcbe512d15527c455ece8b193365772,optimade:optimade.materialscloud.org/archive/jk-9v,"[""optimade:optimade.materialscloud.org/archive/jk-9v""]",empty,verified_empty_result,0,0,0,[],True,True,empty,0,1,https://optimade.materialscloud.org/archive/jk-9v/v1/structures,optimade_links_next_absent_for_all_selected_providers,
bi2se3-topology,sha256:11a4dcc72a483d357f3b38ef620cb99a360529a8231126c87012f395829302f9,optimade:optimade.materialscloud.org/archive/m0-zg,"[""optimade:optimade.materialscloud.org/archive/m0-zg""]",succeeded,records_returned,2,2,2,"[[""optimade:optimade.materialscloud.org/archive/m0-zg"",2]]",True,True,complete,2,1,https://optimade.materialscloud.org/archive/m0-zg/v1/structures,optimade_links_next_absent_for_all_selected_providers,
bi2se3-topology,sha256:1aab6a5847d4a66539ba9375240ca5584cfb5e62a0cb528776294a83c27d0c87,optimade:optimade.materialscloud.org/archive/zt-z4,"[""optimade:optimade.materialscloud.org/archive/zt-z4""]",empty,verified_empty_result,0,0,0,[],True,True,empty,0,1,https://optimade.materialscloud.org/archive/zt-z4/v1/structures,optimade_links_next_absent_for_all_selected_providers,
bi2se3-topology,sha256:a3a1bb55e1ad7582f53856e46348a1a2b70b740a503a5caae20bf9223ce8b18d,optimade:optimade.materialscloud.org/main/2dtopo,"[""optimade:optimade.materialscloud.org/main/2dtopo""]",empty,verified_empty_result,0,0,0,[],True,True,empty,0,1,https://optimade.materialscloud.org/main/2dtopo/v1/structures,optimade_links_next_absent_for_all_selected_providers,
bi2se3-topology,sha256:562be27e95bfdcbd767e3204f9fc3094d8ec97590461ea8378d7508a19dcd6e1,optimade:optimade.materialscloud.org/main/autowannier,"[""optimade:optimade.materialscloud.org/main/autowannier""]",empty,verified_empty_result,0,0,0,[],True,True,empty,0,1,https://optimade.materialscloud.org/main/autowannier/v1/structures,optimade_links_next_absent_for_all_selected_providers,
bi2se3-topology,sha256:1675ad8b1e4d5c0a47d7e7f99744860ec75cd4ac28c39931a55c1ce8a2357663,optimade:optimade.materialscloud.org/main/curated-cofs,"[""optimade:optimade.materialscloud.org/main/curated-cofs""]",empty,verified_empty_result,0,0,0,[],True,True,empty,0,1,https://optimade.materialscloud.org/main/curated-cofs/v1/structures,optimade_links_next_absent_for_all_selected_providers,
bi2se3-topology,sha256:5d0fc2238a0cf62f231e7563f61b978b3b15778a8509a2b9f62b83c328c212ac,optimade:optimade.materialscloud.org/main/mc2d,"[""optimade:optimade.materialscloud.org/main/mc2d""]",succeeded,records_returned,3,3,3,"[[""optimade:optimade.materialscloud.org/main/mc2d"",3]]",True,True,complete,3,1,https://optimade.materialscloud.org/main/mc2d/v1/structures,optimade_links_next_absent_for_all_selected_providers,
bi2se3-topology,sha256:32c0c7878389fcd637cce363fa6727817fc7c4148e569347ed9d75d84ef14042,optimade:optimade.materialscloud.org/main/mc3d-pbe-v1,"[""optimade:optimade.materialscloud.org/main/mc3d-pbe-v1""]",succeeded,records_returned,5,5,5,"[[""optimade:optimade.materialscloud.org/main/mc3d-pbe-v1"",5]]",True,True,complete,5,1,https://optimade.materialscloud.org/main/mc3d-pbe-v1/v1/structures,optimade_links_next_absent_for_all_selected_providers,
bi2se3-topology,sha256:1e32714a046224212a69468063d77954f6c9af57763509c12ff2830f54d7e9b3,optimade:optimade.materialscloud.org/main/mc3d-pbesol-v1,"[""optimade:optimade.materialscloud.org/main/mc3d-pbesol-v1""]",succeeded,records_returned,4,4,4,"[[""optimade:optimade.materialscloud.org/main/mc3d-pbesol-v1"",4]]",True,True,complete,4,1,https://optimade.materialscloud.org/main/mc3d-pbesol-v1/v1/structures,optimade_links_next_absent_for_all_selected_providers,
bi2se3-topology,sha256:77b1cff5fdad46ece144bc9f1bc071c21019424b870bb32b0e243a47c78ed02e,optimade:optimade.materialscloud.org/main/mc3d-pbesol-v2,"[""optimade:optimade.materialscloud.org/main/mc3d-pbesol-v2""]",succeeded,records_returned,5,5,5,"[[""optimade:optimade.materialscloud.org/main/mc3d-pbesol-v2"",5]]",True,True,complete,5,1,https://optimade.materialscloud.org/main/mc3d-pbesol-v2/v1/structures,optimade_links_next_absent_for_all_selected_providers,
bi2se3-topology,sha256:aa82f3f937c963d109838ec32c880214dad89277535311f90bd3d4b62af56031,optimade:optimade.materialscloud.org/main/pyrene-mofs,"[""optimade:optimade.materialscloud.org/main/pyrene-mofs""]",empty,verified_empty_result,0,0,0,[],True,True,empty,0,1,https://optimade.materialscloud.org/main/pyrene-mofs/v1/structures,optimade_links_next_absent_for_all_selected_providers,
bi2se3-topology,sha256:2f78bfb1dced11a925d1d4e1a75c0cfefe35c551c3e987116e1bd47bbbfa1cb2,optimade:optimade.materialscloud.org/main/stoceriaitf,"[""optimade:optimade.materialscloud.org/main/stoceriaitf""]",empty,verified_empty_result,0,0,0,[],True,True,empty,0,1,https://optimade.materialscloud.org/main/stoceriaitf/v1/structures,optimade_links_next_absent_for_all_selected_providers,
bi2se3-topology,sha256:074b11c2ee13852e87aa56cc6580304fc5111927df7acccde0eec5219db48814,optimade:optimade.materialscloud.org/main/tin-antimony-sulfoiodide,"[""optimade:optimade.materialscloud.org/main/tin-antimony-sulfoiodide""]",empty,verified_empty_result,0,0,0,[],True,True,empty,0,1,https://optimade.materialscloud.org/main/tin-antimony-sulfoiodide/v1/structures,optimade_links_next_absent_for_all_selected_providers,
bi2se3-topology,sha256:1b7ed810723d308f6fcddfc742ca4b757bb3d77e4b8022fbce85f0c90f313953,optimade:optimade.odbx.science,"[""optimade:optimade.odbx.science""]",empty,verified_empty_result,0,0,0,[],True,True,empty,0,1,https://optimade.odbx.science/v1/structures,optimade_links_next_absent_for_all_selected_providers,
bi2se3-topology,sha256:ddc8ba9893a4a2f24ff9eebd7838411a3dfd1deefccaaafce5724c70e04dcf37,optimade:optimade.openmaterialsdb.se,"[""optimade:optimade.openmaterialsdb.se""]",empty,verified_empty_result,0,0,0,[],True,True,empty,0,1,http://optimade.openmaterialsdb.se/v1/structures,optimade_links_next_absent_for_all_selected_providers,
bi2se3-topology,sha256:b4dce5d2b4f99fa25d9c18f8092f97f1d28947e7eabb560e26fa3910d4b6d985,oqmd,"[""oqmd""]",failed,upstream_timeout,0,0,0,[],True,True,failed,,0,,,
bi2se3-topology,sha256:3a8a6e5ef25bc57d8347b103338d03e533bd40e4e9c4a7a63cc054d3bda611e3,tcod,"[""tcod""]",empty,verified_empty_result,0,0,0,[],True,True,empty,0,1,,rest_count_matches_json_rows,
